{"iter_loss": 7.139744758605957, "_runtime": 22, "_timestamp": 1649410147, "_step": 1, "epoch_loss": 7.139744758605957}