{"iter_loss": 188.76669311523438, "_runtime": 800, "_timestamp": 1647288666, "_step": 7, "epoch_loss": 633.8722229003906}