{"iter_loss": 257.87939453125, "_runtime": 413, "_timestamp": 1647488467, "_step": 3, "epoch_loss": 303.15561056137085}